url,page_id,current_title,new_title,current_description,new_description,canonical
https://www.maxxbuilders.com/best-retail-construction-contractors-in-houston-2026-rankings/,,Best Retail Construction Contractors Houston 2026,Maxx Builders: Top Houston Retail Construction 2026,"Discover Houston's top retail construction contractors for 2026. Rankings, cost trends, and key firms shaping Texas's commercial building sector.","Maxx Builders ranks Houston's best retail construction contractors for 2026 — costs, vetting criteria, and why local GCs outperform nationals.",https://www.maxxbuilders.com/best-retail-construction-contractors-in-houston-2026-rankings/
https://www.maxxbuilders.com/complete-guide-commercial-building-planning-execution/,,Commercial Buildings: A Step-by-Step Guide to Success | Maxx Builders,Maxx Builders | Commercial Building Planning Guide,"Navigate the complexities of commercial building projects with our comprehensive guide. Learn about the essential steps, best practices, and key factors for success.","Plan and execute a commercial building project right. Maxx Builders covers permitting, site work, construction phases, and owner checkpoints.",https://www.maxxbuilders.com/complete-guide-commercial-building-planning-execution/
https://www.maxxbuilders.com/8-key-considerations-for-building-a-restaurant/,,8 Restaurant Construction Tips | Maxx Builders,Maxx Builders: 8 Restaurant Construction Considerations,"Avoid costly mistakes on your restaurant build. Maxx Builders shares 8 expert tips on contractors, location, budget, and permits.","Plan your restaurant build right. Maxx Builders covers contractor selection, location, codes, layout, budget, and Texas-specific build tips.",https://www.maxxbuilders.com/8-key-considerations-for-building-a-restaurant/
https://www.maxxbuilders.com/warehouse-construction-cost-per-square-foot-a-comprehensive-guide/,,Warehouse Construction Cost Per Square Foot: A Comprehensive Guide,Warehouse Construction Cost Per Square Foot,Warehouse construction costs $50-$230 per sq ft. This guide breaks down costs by building type region and spec to help you budget your project.,Warehouse construction costs $50–$230 per sq ft in 2025. See cost breakdowns by building type region and spec—plus what drives the biggest budget swings.,https://www.maxxbuilders.com/warehouse-construction-cost-per-square-foot-a-comprehensive-guide/
https://www.maxxbuilders.com/commercial-construction-cost-houston-tx/,,Maxx Builders | Houston Commercial Construction Cost 2026,Commercial Construction Cost Houston TX | Maxx Builders,Houston commercial construction: $200–$450/sq ft in 2026. Maxx Builders breaks down costs by building type and Houston code factors.,Houston commercial construction costs $185–$330/sq ft in 2025–2026. Maxx Builders breaks down pricing by building type submarket and code factors.,https://www.maxxbuilders.com/commercial-construction-cost-houston-tx/
https://www.maxxbuilders.com/cost-to-build-a-car-wash-in-texas/,,Cost to Build a Car Wash in Texas (2026) | Maxx Builders,Maxx Builders | Car Wash Construction Cost in Texas 2026,"What it costs to build a car wash in Texas in 2026 - by type, with land, equipment, permitting, and timeline broken down by a Texas design-build GC.",Maxx Builders breaks down 2026 car wash construction costs in Texas by type - from $1.2M self-serve to $8M+ full-service. Get a budget estimate.,https://www.maxxbuilders.com/cost-to-build-a-car-wash-in-texas/
https://www.maxxbuilders.com/commercial-construction-project-timelines/,,Commercial Construction Process: Project Timelines from Start to Finish,Maxx Builders: Commercial Construction Project Timelines,Explore the step-by-step commercial construction process with Maxx Builders. Understand project timelines from planning to completion ensuring a smooth construction journey.,Learn how long commercial construction takes. Maxx Builders walks you through each project phase from permits to punch list.,https://www.maxxbuilders.com/commercial-construction-project-timelines/
https://www.maxxbuilders.com/dallas-commercial-construction-costs-2025-2026/,,Dallas Commercial Construction Costs 2026 | Maxx Builders,Dallas Commercial Construction Cost 2026 | Maxx Builders,"Dallas commercial construction costs range $150-$650/sq ft in 2026. See costs by building type, Metroplex price drivers, and how to budget.","Maxx Builders benchmarks Dallas commercial construction at $140-$450/SF in 2026. Costs by building type, DFW escalation drivers, and margin-saving moves.",https://www.maxxbuilders.com/dallas-commercial-construction-costs-2025-2026/
https://www.maxxbuilders.com/design-build-construction-houston/,,,Design-Build Construction Houston: Owner's Guide,,Houston owners save 12-18% and cut delivery timelines 20-30% with design-build. Learn how the model works what it costs and when to use it.,https://www.maxxbuilders.com/design-build-construction-houston/
https://www.maxxbuilders.com/importance-of-mock-up-rooms-in-the-hospitality-industry/,,Why Mock-Up Rooms Matter in Hotel Construction (2026),Mock-Up Rooms in Hotel Construction: Why They Matter,"How mock-up rooms cut cost and risk in hotel and multifamily construction - what they are, when to build one, and the quality issues they catch early.","Learn how mock-up rooms reduce risk and cost in hotel construction. Two-stage process, brand approval, ADA compliance, and Texas project benchmarks.",https://www.maxxbuilders.com/importance-of-mock-up-rooms-in-the-hospitality-industry/
https://www.maxxbuilders.com/medical-office-construction-costs-texas-2026-comprehensive-guide/,,Medical Office Construction Costs Texas 2026 | Maxx Builders,Medical Office Construction Costs Texas 2026,Medical office construction in Texas: expert guide to costs per sq ft and key factors.,Medical office construction in Texas costs $200-$450/sq ft in 2026. Breaks down cost drivers by specialty type and Texas metro.,https://www.maxxbuilders.com/medical-office-construction-costs-texas-2026-comprehensive-guide/
https://www.maxxbuilders.com/cost-efficient-strategies-restaurant-construction/,,Maxx Builders: Cost-Efficient Restaurant Construction,Maxx Builders | Restaurant Construction Cost Strategies,Cut restaurant construction costs without sacrificing quality. Maxx Builders covers budgeting zoning materials and space planning in Texas.,Maxx Builders breaks down cost-saving strategies for restaurant construction in Texas -- budgeting and materials and zoning done right.,https://www.maxxbuilders.com/cost-efficient-strategies-restaurant-construction/
https://www.maxxbuilders.com/3-most-common-obstacles-in-commercial-construction-projects/,,3 Most Common Obstacles in Commercial Construction Projects | Maxx Builders,Maxx Builders: 3 Commercial Construction Obstacles,Overcome construction obstacles: delays, blueprints, expenses, errors. Collaborate, plan, communicate effectively.,Maxx Builders breaks down 3 commercial construction obstacles — delays, old blueprints, and unforeseen costs — and how design-build prevents them.,https://www.maxxbuilders.com/3-most-common-obstacles-in-commercial-construction-projects/
https://www.maxxbuilders.com/,,Maxx Builders | Texas Premier Commercial General Contractors,Maxx Builders | TX Commercial General Contractors,Maxx Builders - Premier Commercial Construction in Texas. Houston and Dallas and Austin and San Antonio.,Maxx Builders is Texas top commercial GC for Houston and Dallas and Austin and San Antonio. Design-build and general contracting and tenant improvement.,https://www.maxxbuilders.com/
